empresa,interno,pessoas_na_folha,possui_grupo_especifico,com_grupo_especifico,sem_grupo_especifico,cobertura_grupos_especificos_%,em_algum_grupo_%,aciona_onboard_%,aciona_offboard_%
Contabilizei,False,1841,Sim,1841,0,100.0,100.0,57.6,100.0
OLX,False,1537,Sim,1,1536,0.1,0.1,0.0,0.0
LG,False,1393,Sim,1392,1,99.9,99.9,99.9,99.8
Blip,False,1185,Sim,1185,0,100.0,100.0,100.0,100.0
Grancursos,False,1081,Não,0,,,80.8,0.0,80.8
Jusbrasil,False,642,Não,0,,,100.0,0.0,0.0
Sympla,False,600,Não,0,,,0.0,0.0,0.0
G4,False,572,Sim,572,0,100.0,100.0,33.0,100.0
Gupy,False,491,Sim,403,88,82.1,100.0,100.0,100.0
Bionexo,False,448,Não,0,,,100.0,0.0,0.0
Mercado Bitcoin,False,327,Não,0,,,0.0,0.0,0.0
doc9,False,238,Sim,4,234,1.7,100.0,100.0,100.0
Hubla,False,112,Sim,29,83,25.9,100.0,100.0,100.0
Malga,False,47,Sim,24,23,51.1,100.0,100.0,100.0
Solfacil-POC,False,9,Sim,8,1,88.9,88.9,22.2,66.7
Niuco Apresentacao,True,314,Sim,123,191,39.2,100.0,0.0,0.0
Niuco (homolog),True,66,Sim,66,0,100.0,100.0,100.0,100.0
Niuco (main),True,32,Sim,28,4,87.5,96.9,96.9,96.9
CX teste,True,18,Sim,18,0,100.0,100.0,100.0,0.0
